id,language
2975673294,en
2993666500,en
2975674182,en
2993740820,en
2945707463,en
3009049541,en
2975679220,en
2980161544,en
3006949479,en
2960227536,en
2699218840,en
2975682063,en
2969406940,vi
2937686820,en
2959169110,vi
2987784229,en
2987376935,en
2971593679,en
2937685936,en
2944241382,en
2909863989,en
2946249270,en
2970230593,en
2963429529,en
2982984293,en
2944244076,en
2946248310,en
2962437066,en
2872591015,en
2993736016,vi
2921943344,en
2997064154,en
2998976775,en
3008354274,en
2950260719,en
2975206235,en
2775981523,vi
3013153393,en
3002145925,en
2989189179,en
2924310171,en
2955117980,en
2994396941,en
3003401999,en
3008538703,en
2989649562,en
2987062831,en
3002408921,en
2972727017,vi
2975689702,en
2972731110,vi
2911002527,en
3012577496,en
2975690492,en
2975690712,en
2973543760,en
2973697560,en
2998554813,en
2995942878,en
2969407814,vi
2975685733,en
2990421487,en
2978479975,en
2982350081,en
2972717407,vi
2989632784,en
2999691222,en
2973385541,en
3012530384,en
3009063318,en
2955947934,en
2955116275,en
2797391701,en
2987368376,en
2990918537,vi
2981186654,en
2987391003,vi
2964675678,en
2934172898,en
3011219924,en
2975181332,en
3011291422,vi
2876339565,en
2996867122,en
2939682832,en
2945554337,en
2992576303,en
2994383337,en
2995969532,en
2911005126,en
3004257866,en
2993729408,vi
2971081463,en
2988638875,en
3003386429,en
2979247148,en
2993727637,vi
2993726823,vi
2892193938,en
2995106742,en
2915321134,en
2909862895,vi
2990526109,en
3004673480,en
2972709989,vi
2976773170,en
2990202647,en
2959841126,en
3009736739,en
2912681471,en
2775981523,vi
2980161544,en
3005854748,en
2984950384,en
2972723541,en
2993725852,en
3013153393,en
2971593679,en
2995442028,en
3014104830,en
2964691720,en
2964690752,en
2954500767,en
2934984190,en
2987770247,vi
2975607931,en
2950870014,en
2975673294,en
3003499444,en
3003494871,en
3010384727,en
2949802590,vi
2987711564,vi
3007234883,en
2990200707,en
3003435721,en
3008407724,vi
2998341571,en
3004746132,en
2959134157,vi
3003495593,en
3004980549,en
2838245273,en
2940686536,en
2923254944,en
2978419854,en
2976792149,en
3001876090,en
3006952057,en
3011677823,en
2931811630,en
2996804958,en
2821132094,en
2964696264,en
2963340019,en
2950826069,en
2969405468,vi
2987708679,en
2975692664,en
2973951675,en
2999772152,en
2999775080,en
2999004912,en
3009062358,en
2949867472,en
2873551726,en
2985484238,en
2964690729,en
2969582998,en
2932802000,en
2992724782,en
2977284236,en
2996206099,en
2981318582,en
2980163156,en
2961278230,en
2995108608,en
2978420134,en
2955979461,en
3012680248,en
2956059310,en
2990261472,en
2995738155,en
2961319044,en
2976958411,en
2992173553,en
2983153562,en
3008488622,en
3012936252,en
2977586452,en
2962432816,en
2992172669,en
2997945393,en
2948653661,en
2961089396,en
2971079635,en
2997942781,en
2977116019,en
2948279433,en
2976628040,en
2917721074,en
2973968326,en
2961587157,en
2997943535,en
3013173459,en
2996025994,en
2997945164,en
2997942531,en
2980022425,en
3012932566,en
2984959428,en
3008026721,en
2978044675,en
2976005538,en
1890819848,en
2987200804,en
2996028795,en
2915344201,en
2992585615,en
2995885033,en
2975669361,en
2975391078,en
2907788472,en
3008503799,en
2995695471,en
2984470134,en
3008025856,en
2914115504,en
2966587847,en
3009018642,en
2722225526,en
2980157652,en
2838429257,en
3000364605,en
2895688985,en
2956049240,en
2989661595,en
2975272669,en
2972738905,en
2972982744,en
2971077511,en
2921245843,en
2995071999,en
2990509537,en
2945502486,en
2970953472,en
2972994116,en
2963420281,en
3009454430,en
2975663688,en
2976150796,en
3004672307,en
2975661699,en
3008571402,vi
3003405728,en
3004625214,en
2973417843,en
2948604429,en
3006801351,en
3001868784,vi
2927516621,en
2950870015,en
3005878272,vi
2963340114,en
2978626110,en
3009227359,vi
2998328511,vi
2944376659,en
3005573470,vi
3009439461,en
2983165993,vi
3004946316,en
3007214475,vi
2955115953,vi
2909866687,en
2998960211,en
3006981612,vi
2991106822,en
2972718086,en
3014361024,en
3008558065,en
3013738923,vi
2995981480,en
3012953402,en
2982477823,en
3003219684,en
2969406786,vi
2957485122,vi
2997120286,en
2997071389,en
3012762375,en
2943302725,en
3003454468,vi
2985477177,en
3006933710,en
2908441904,en
3009080510,vi
3012949659,en
2999677209,vi
3012769032,en
3012770088,en
2911051633,en
2949114805,en
2993739855,vi
2972717730,en
3012945794,en
3012757330,en
3012764919,en
2987133684,vi
3012947453,en
2909864641,en
3012765981,en
3012946757,en
3012955345,en
3010159042,en
3012762426,en
3012947228,en
2975647730,vi
2990918942,en
3005846823,en
2947086458,en
2992590017,en
3012944945,en
2820968944,en
3012765030,en
2999647017,vi
3012956165,en
3012764961,en
2922378451,vi
2981312603,en
3012764654,en
3012954619,en
2993731899,vi
3012944949,en
3012953519,en
2976934408,vi
2909864824,en
3008584838,en
3012763617,en
3012950339,en
3012761786,en
3012764207,en
2993726963,en
3012762356,en
3012953283,en
2837648121,en
3012951293,en
3012949656,en
3012953580,en
3012760914,en
3012948886,en
3012754236,en
2921133432,en
2948936366,vi
3012946903,en
3012776664,en
3012951083,en
3012949279,en
2968024913,en
3012956414,en
3012947771,en
2993727663,vi
3010521612,vi
3012947602,en
2980148815,vi
3012958037,en
3012948579,en
3012949480,en
3012753337,en
3012759515,en
3012760557,en
3012752418,en
3012753326,en
3012950615,en
3012944885,en
3012951978,en
3012767024,en
3012758738,en
3012949617,en
3012760876,en
3012946977,en
3012953296,en
3012948479,en
3012955093,en
3012960328,en
2952248760,en
2988802485,vi
2973462245,en
2907786507,en
3012955509,en
3012950487,en
3012754245,en
3004686659,en
3012957600,en
3012766599,en
2980158458,en
3012952465,en
3012779520,en
3012761132,en
2995940461,en
3000275075,vi
3012945941,en
3012944900,en
3012955531,en
3012947863,en
3012959426,en
3012947842,en
3012947169,en
2952219975,en
3012946636,en
2740373190,en
3012944875,en
2813579262,en
2929989669,en
3012959367,en
3012757164,en
2891711510,en
2995109026,en
2976952622,vi
2938526756,vi
3009325611,en
2974344019,en
2836779911,en
3010556031,vi
2868609039,en
2973984458,en
2955988315,en
3013743485,vi
2976502456,en
2988889682,en
2909860894,vi
2946624729,vi
2994121788,en
2950261587,en
2968531380,vi
2987379526,en
2990712592,en
2929594337,en
2993729587,vi
2961928158,en
2993733434,vi
2974340717,en
2923975991,en
2973386493,en
2777918167,en
2913252533,en
3012760572,en
3012940299,en
2988251726,en
2948922793,en
3009060753,vi
2973383953,en
3009065348,vi
2980142840,vi
2923841032,en
2964696035,en
2951960580,en
2997076078,vi
2995194427,vi
3005230177,en
2959134276,en
2971824923,en
2976985475,vi
2909324658,vi
2968028658,en
2911048576,en
2989662003,en
2949749066,en
2989697891,vi
2973101981,en
2997094160,vi
2928393845,en
2924309349,en
2959152242,en
2824951365,en
2987710996,en
2841964502,en
2955142582,en
2965901125,en
2951964093,en
2938371391,en
3012933594,en
2995614578,en
2987768901,vi
2975183461,en
2975179448,en
2975673330,en
2965120457,en
2998354780,en
2977520976,en
1644628712,en
2993728769,en
2993726733,en
2975668723,en
3011282390,en
2810028708,en
3003447650,en
2934124561,en
2997063020,vi
2990265063,en
3008519916,en
2698740162,en
2973389208,en
2990260544,en
